id;nome;especie;desc1;desc2;categoria
1;Urso Polar;Ursus maritimus;O rei gelado do √Årtico. Majestoso, letal e absurdamente fofo (mas s√≥ de longe). O urso polar √© basicamente um tanque de guerra coberto de neve. Mestre da camuflagem no gelo, ele ca√ßa focas com a paci√™ncia de um monge e a efici√™ncia de um sniper. Apesar da apar√™ncia fofa, √© uma das criaturas mais letais do planeta. Se voc√™ ver um de perto‚Ä¶ boa noite...;Nadador ol√≠mpico, ca√ßa focas como quem pede iFood. O autor deste site √© obcecado por ele. <br> - Tem entre 2,4 a 3,0m de altura (em p√©). <br> - Pesa entre 350 a 700kg. <br> - H√°bitat: √Årtico.<br> - Alimenta√ß√£o: Carn√≠voro (focas, principalmente) <br> - Curiosidade: Sua pele √© preta e o pelo √© transl√∫cido ‚Äî parece branco por causa da luz. üêª‚Äç‚ùÑ;top_animais
14;Yorkshire;Canis lupus familiaris;Pequeno no tamanho, gigante na atitude. O Yorkshire √© um c√£o que acha que mede 2 metros, tem o ego de um lobo e o charme de uma crian√ßa mimada. Inteligente, territorial e sempre pronto pra um drama, ele late como se fosse resolver todos os problemas do planeta com a pr√≥pria voz. Alguns s√£o mais delicados, outros mais pregui√ßosos‚Ä¶ mas o Bob, esse era singular: bastava ouvir o barulho de um pacote abrindo que ele j√° surgia, pronto pra exigir a parte dele do salgadinho ‚Äî de prefer√™ncia antes de voc√™ terminar de abrir.; <br> - Altura: 18 a 23 cm <br> - Peso: 2 a 3,2 kg <br> - Pelagem: Longa, sedosa, geralmente escovada por humanos devotos <br> - Personalidade: Corajoso, afetuoso, imperador do pr√≥prio territ√≥rio <br> - Fun fact: A Julie, exige carinhos de barriga com a frequ√™ncia de quem acha que √© uma deusa eg√≠pcia.;caes
2;Golden Retriever;Canis lupus familiaris;O funcion√°rio do m√™s da simpatia canina. Sabe dar a patinha e roubar seu cora√ß√£o. N√£o √© a toa que o Anderson adoraria ter um desses n√£o √© mesmo? <br> O golden √© o equivalente canino de um abra√ßo apertado depois de um dia ruim. Leal, sorridente, bob√£o e sempre disposto a fazer amizade at√© com o ladr√£o. Se existisse vestibular pra simpatia, ele passaria de primeira ‚Äî mas provavelmente morderia a prova antes.;O tipo que sorri at√© quando derruba o vaso favorito da sua m√£e. <br> - Altura: 51 a 61 cm<br> - Peso: 25 a 35 kg<br> - Temperamento: Extrovertido, carinhoso, destruidor de chinelos<br> - Intelig√™ncia: Alta, mas disfar√ßada de bobeira.<br> - Fun fact: Quase todos s√£o "lambeir√µes" e vivem molhados por algum motivo;caes
13;Corgi (Pingo);Canis lupus familiaris;Com pernas de pano e bunda de nuvem, o Corgi √© o meme ambulante que conquistou a realeza e a internet. Originalmente criado para pastorear gado (sim, gado), hoje pastoreia cora√ß√µes por onde passa. Inteligente, expressivo e cheio de energia, ele caminha como se estivesse sempre em miss√£o real. Alguns s√£o mais reservados, outros mais esnobes... mas o Pingo, do Dioguinho, n√£o tem tempo pra isso ‚Äî ele √© amigo de todo mundo em dois segundos. √Äs vezes antes mesmo da pessoa notar que ele chegou.; Aqui vai umas informa√ß√µes sobre este camarada: <br> - Altura: 25 a 30 cm <br> - Peso: 10 a 14 kg <br> - Origem: Pa√≠s de Gales <br> - Personalidade: Brincalh√£o, soci√°vel, carism√°tico <br> - Fun Fact: Bunda redonda oficialmente reconhecida como patrim√¥nio visual da internet;caes
3;Pitbull;Canis lupus familiaris;Voc√™ olha pra ele e pensa: ‚Äúperigoso‚Äù. Mas o que poucos sabem √© que, por tr√°s do porte atl√©tico e da mand√≠bula imponente, existe um cora√ß√£o de pel√∫cia em forma de c√£o. O pitbull, quando criado com carinho, √© um dos animais mais doces, leais e afetivos que existem. Quem convive com um sabe: o maior risco √© se apaixonar. Ali√°s, a doutora Ingrid, autoridade no assunto, j√° desmistificou esse mito ‚Äî e sabe melhor do que qualquer um o quanto essa criatura √©, na verdade, um amor de quatro patas.;Ignorado por quem s√≥ v√™ cara de bravo, mas idolatrado por quem conhece o cora√ß√£o de manteiga. <br> Altura: 43 a 53 cm <br> - Peso: 20 a 35 kg <br> - For√ßa da mordida: alta (mas s√≥ se provocarem muito) <br> - Temperamento: Protetor, carente, intenso <br> - Curiosidade: Gosta de colo mesmo com 30kg de pura tra√ß√£o;caes
4;Urso Pardo (literalmente F√°bio);Ursus arctos;Parece fofo, mas d√° um tapa que voc√™ acorda em N√°rnia. Mestre em comer salm√£o e intimidar campistas. Irm√£o parrudo do urso polar, o urso pardo √© o tipo de bicho que n√£o pede passagem ‚Äî ele toma. On√≠voro e oportunista, come de tudo: frutas, peixes, lixo de acampamento e at√© sua barraca. Dorme metade do ano e ainda sai da toca gigante e irritado.;Ama mel, caminhadas e demonstrar domin√¢ncia com apenas um olhar.<br> - Altura: at√© 2,8 metros (em p√©)<br> - Peso: 150 a 600 kg<br> - Habitat: Florestas da Am√©rica do Norte, Europa e √Åsia<br> - Alimenta√ß√£o: On√≠voro (mel, salm√£o, vegetais, carne)<br> - Curiosidade: Apesar do tamanho, corre at√© 56 km/h;top_animais
5;Pug;Canis lupus familiaris;Pequeno, barulhento e sempre com cara de quem esqueceu onde t√°. Mas irresist√≠vel. Parece que foi desenhado por uma crian√ßa com pressa ‚Äî e √© por isso que todo mundo ama o pug. Tem cara de quem t√° sempre tentando entender o universo, mas na real s√≥ quer dormir e respirar (o que j√° √© dif√≠cil). Um suspiro ambulante com olhos esbugalhados.;Respira alto como um velho de 80, mas ainda assim arranca ‚Äúawwwn‚Äù onde passa. <br> - Altura: 25 a 30 cm<br> - Peso: 6 a 8 kg<br> - Respirador: 24h com barulho de motorzinho<br> - Personalidade: Teimoso, carinhoso, palha√ßo nato<br> - Curiosidade: Ronca como um idoso de 90 anos;caes
6;Chihuahua;Canis lupus familiaris;Cabe numa x√≠cara, mas late como se fosse dono do bairro. O chihuahua √© a prova viva de que tamanho n√£o tem nada a ver com coragem. Puro √≥dio em 1,5 kg, ele late para caminh√µes, avi√µes e at√© para Deus se der mole. Mas tamb√©m ama o dono com intensidade quase fan√°tica. Min√∫sculo e ca√≥tico.;Pequeno general ansioso com complexo de Napole√£o e energia de um Red Bull ambulante. <br> - Altura: 15 a 23 cm <br> - Peso: 1,5 a 3 kg <br> - Temperamento: Ciumento, valente, nervoso <br> - Longevidade: 14 a 17 anos <br> - Fun fact: Pode caber dentro de uma caneca (mas n√£o tente);caes
7;Urso Negro Americano;Ursus americanus;Mais soci√°vel que os outros ursos. Se tivesse Wi-Fi no mato, j√° teria TikTok. √â o urso "gente boa" da turma. Menor que o polar e o pardo, mas ainda assim grandalh√£o. Sabe subir em √°rvore, correr pra caramba e fazer cara de ‚Äún√£o fui eu‚Äù depois de destruir uma lixeira. Dorme no inverno e vive no Pinterest da floresta.;Especialista em escaladas e fugas dram√°ticas. Curioso e faminto em tempo integral. <br> - Altura: at√© 2 metros (em p√©) <br> - Peso: 90 a 270 kg <br> - Habitat: Am√©rica do Norte <br> - Dieta: On√≠voro (com gosto especial por doces) <br> - Curiosidade: Costuma fugir de humanos (mas n√£o de comida f√°cil);top_animais
8;Border Collie;Canis lupus familiaris;O Einstein dos c√£es. Inteligente, √°gil e obcecado por bolinhas e controle total. √â o nerd da escola que tamb√©m joga no time titular. O border collie √© um g√™nio com energia infinita, capaz de pastorear 30 ovelhas e ainda resolver uma equa√ß√£o no ch√£o com o focinho. Se voc√™ n√£o d√° tarefa pra ele, ele cria uma sozinho.;Treina seus donos melhor do que qualquer adestrador da cidade. <br> - Altura: 45 a 56 cm <br> - Peso: 13 a 20 kg <br> - Intelig√™ncia: Absurda <br> - Temperamento: Alerta, leal, trabalha at√© no domingo <br> - Fun fact: Precisa de est√≠mulo mental ou enlouquece;caes
9;Shih Tzu;Canis lupus familiaris;Pequeno, peludo e dono da casa (inclusive a sua). Antigamente morava em pal√°cios chineses ‚Äî hoje mora no seu sof√°. O Shih Tzu √© puro charme e drama, com carinha de ‚Äúsou beb√™‚Äù at√© os 10 anos. N√£o ca√ßa, n√£o corre muito, mas hipnotiza humanos com a fofura imperial.;Um reizinho zen que anda como se tivesse hora marcada no spa. <br> - Altura: 20 a 28 cm <br> - Peso: 4 a 7,5 kg <br> - Pelagem: Longa e escovada, se poss√≠vel com lacinho <br> - Temperamento: D√≥cil, orgulhoso, mimado <br> - Curiosidade: Tem mais fotos no Instagram que voc√™;caes
10;Urso-de-√≥culos;Tremarctos ornatus;O √∫nico urso nativo da Am√©rica do Sul, e claramente o mais estiloso ‚Äî j√° vem com √≥culos. Vive nas montanhas dos Andes, come mais plantas que um vegano hipster e √© t√≠mido, mas charmoso. Ningu√©m sabe ao certo se ele enxerga bem ou n√£o.;Parece que usa √≥culos porque est√° cansado da sua ignor√¢ncia ecol√≥gica. <br> - Altura: at√© 1,8 m (em p√©) <br> - Peso: 80 a 175 kg <br> - Habitat: Cordilheira dos Andes <br> - Dieta: Frug√≠voro (frutas, brom√©lias, folhas) <br> - Curiosidade: Tem manchas faciais √∫nicas ‚Äî como impress√£o digital;top_animais
11;Davi;Koreanus sedutorus safadus caninus;Este coreano safado tem cara de bom mo√ßo, mas √© um verdadeiro cara cachorro. Seduz todas as mulheres com seus especiais ultimate pid√£o. N√£o deixe as garotas perto desse japon√™s (ou coreano?);Esta √© sua forma sedutora level extreme, onde Davi consegue atrair 97% de suas v√≠timas. <br> - Altura: 1,52m <br> - Peso: 66kg (30kg √© de cachorro) <br> - Intelig√™ncia: Alt√≠ssima, usa suas habilidades de medicina e piano pra atrair suas v√≠timas <br> - Temeperamento: Sociopata funacional <br> - Fun Fact: Tem que ser no m√≠nimo nota 6;lendarios
12;Felca;Homo felquarius nosferatus;Ser de comportamento imprevis√≠vel, com picos de agressividade did√°tica e surtos de sarcasmo paternal. √â frequentemente avistado em ambiente digital, cercado por criaturas chamadas ‚Äúseguimores da Seita‚Äù, que orbitam sua presen√ßa com medo, admira√ß√£o e trauma. Seus sons t√≠picos incluem gritos de indigna√ß√£o, mon√≥logos emocionados e an√°lises cr√≠ticas sobre memes ruins. Pode parecer ranzinza, mas emite calor emocional moderado quando exposto √† arte sincera e √† vulnerabilidade honesta.;Este esp√©cime √© composto por s√™men, doritos e M&Ms, mas diz ele que agora est√° no projeto do Cariri <br> - Altura: 2,99m <br> - Peso: 80kg quando de roupa, e 150kg pelado (famoso falso magro) <br> -  Tipo de P√™nis: Grower (6cm mole, e 8cm duro) <br> - Fun Fact: Felca j√° bateu recorde de 10x no dia (voc√™ sabe do que eu falando, Jo√£o).;lendarios